_id,Nr_Boczny,Nr_Rej,Brygada,Nazwa_Linii,Ostatnia_Pozycja_Szerokosc,Ostatnia_Pozycja_Dlugosc,Data_Aktualizacji
1,0,None,None,None,51.1242599487305,17.041259765625,2024-12-04 07:34:50.567000
2,1,None,None,None,53.145753,18.004478,2024-06-03 14:16:59.337000
3,-1,None,None,None,0.0,0.0,2024-11-05 07:35:17.623000
4,1900,None,12412,,51.1153717041016,16.9583396911621,2024-12-09 12:04:53.730000
5,2206,None,01410,14,51.1347923278809,17.0089435577393,2024-12-09 17:08:05.583000
6,2208,None,,,51.124698638916,17.038293838501,2024-12-08 12:58:56.583000
7,2212,None,,,51.1244201660156,17.0411739349365,2024-12-08 12:58:44.540000
8,2218,None,01312,13,51.1153335571289,16.9475383758545,2024-12-09 17:08:11.810000
9,2228,None,02010,20,51.0865936279297,17.0115394592285,2024-12-09 17:08:16.730000
10,2237,None,01150,78,51.1023712158203,17.0368061065674,2024-12-09 17:08:14.703000
11,2238,None,None,None,51.1238594055176,17.0406036376953,2023-04-30 02:21:09.067000
12,2239,None,01601,16,51.0835838317871,17.0611839294434,2024-12-09 17:08:11.633000
13,2240,None,01014,2,51.1115493774414,17.0592823028564,2024-12-09 17:08:05.947000
14,2242,None,01151,11,51.101146697998,17.0080471038818,2024-12-09 17:08:16.523000
15,2252,None,01001,2,51.0824356079102,17.009485244751,2024-12-09 17:08:04.003000
16,2258,None,,,51.1242294311523,17.040885925293,2024-12-09 17:08:05.550000
17,2260,None,,,51.124813079834,17.0412940979004,2024-12-08 12:58:31.617000
18,2263,None,,,51.1244125366211,17.0411624908447,2024-12-08 12:58:37.520000
19,2264,None,01041,10,51.113639831543,17.0502796173096,2024-12-09 17:08:16.863000
20,2266,None,01504,15,51.123664855957,17.0298328399658,2024-12-09 17:08:16.537000
21,2268,None,,,51.1241416931152,17.0404644012451,2024-10-30 19:28:55.603000
22,2272,None,,,51.1245002746582,17.0408172607422,2024-12-09 17:07:46.780000
23,2274,None,,,51.1245079040527,17.0408058166504,2024-12-09 17:07:23.913000
24,2276,None,,,51.1250190734863,17.0409450531006,2024-12-09 17:07:25.540000
25,2278,None,,,51.1254272460938,17.0414524078369,2024-12-08 12:58:18.593000
26,2286,None,,,51.1237869262695,17.0401954650879,2023-08-13 03:59:13.700000
27,2288,None,00621,78,51.0926933288574,17.0390071868896,2024-12-09 17:08:14.680000
28,2290,None,00421,4,51.0948791503906,16.9816989898682,2024-12-09 17:08:08.870000
29,2298,None,,,51.1238861083984,17.0407276153564,2024-11-24 12:04:28.777000
30,2304,None,01144,6,51.0746002197266,17.0071430206299,2024-12-09 17:07:41.837000
31,2306,None,00701,7,51.0838661193848,17.0103607177734,2024-12-09 17:08:16.583000
32,2308,None,,,51.125129699707,17.0408515930176,2024-12-08 12:58:31.577000
33,2310,None,00301,3,51.1401214599609,16.9181842803955,2024-12-09 17:08:05.673000
34,2312,None,00504,5,51.1071281433105,17.0437812805176,2024-12-09 17:08:11.677000
35,2314,None,01710,,51.1241149902344,17.0409889221191,2024-12-09 17:08:03.777000
36,2316,None,,,51.1242408752441,17.0405292510986,2022-06-23 21:32:15.773000
37,2320,None,,,51.1254692077637,17.0416641235352,2024-12-08 12:58:25.587000
38,2322,None,,,51.1244735717773,17.0404891967773,2024-12-08 12:58:25.523000
39,2324,None,01301,,51.1196899414062,16.9528961181641,2024-12-09 17:08:16.697000
40,2329,None,00208,6,51.1136589050293,17.0360450744629,2024-12-09 17:08:16.613000
41,2334,None,01706,12,51.1139183044434,17.1032028198242,2024-12-09 17:08:16.913000
42,2338,None,,,51.1254119873047,17.0409164428711,2024-12-08 12:59:02.660000
43,2342,None,01201,15,51.0875053405762,17.0275115966797,2024-12-09 17:08:11.787000
44,2344,None,00L03,,51.1247482299805,17.0402240753174,2024-12-09 17:07:49.827000
45,2347,None,,,51.1264114379883,16.9833221435547,2024-10-19 18:26:13.763000
46,2350,None,00423,78,51.1087799072266,17.0678863525391,2024-12-09 17:08:03.557000
47,2352,None,00429,11,51.1323204040527,17.0660991668701,2024-12-09 17:08:11.733000
48,2358,None,,,51.1248016357422,17.0415191650391,2024-12-08 12:58:18.573000
49,2364,None,00427,11,51.0965423583984,16.9877490997314,2024-12-09 17:07:57.533000
50,2366,None,00625,6,51.1135406494141,17.0321025848389,2024-12-09 17:08:08.590000
51,2380,None,,,51.1238784790039,17.0406932830811,2022-11-22 14:39:33.647000
52,2382,None,00443,78,51.0831413269043,17.0548133850098,2024-12-09 17:08:16.597000
53,2386,None,00620,78,51.0849533081055,17.0485496520996,2024-12-09 17:08:11.577000
54,2394,None,,,51.1241264343262,17.0409317016602,2024-12-08 12:58:44.523000
55,2400,None,01209,7,51.1443634033203,17.0311698913574,2024-12-09 17:08:16.947000
56,2401,None,,,51.1244010925293,17.0408744812012,2023-01-03 06:47:42.710000
57,2408,None,None,None,51.1239852905273,17.0411243438721,2024-07-25 13:25:21.823000
58,2416,None,,,51.1247482299805,17.0380859375,2024-12-08 12:58:37.540000
59,2420,None,,,51.0782051086426,17.0069408416748,2024-12-09 17:07:23.747000
60,2426,None,,,51.1253204345703,17.0406494140625,2024-12-08 12:58:44.560000
61,2430,None,00902,9,51.0727462768555,17.0144462585449,2024-12-09 17:08:16.767000
62,2434,None,,,51.1243896484375,17.0404605865479,2024-12-08 12:58:37.560000
63,2442,None,,999,51.1247634887695,17.0414657592773,2024-12-09 17:08:16.753000
64,2446,None,01611,16,51.1227416992188,17.0506858825684,2024-12-09 17:08:08.600000
65,2448,None,00000,,51.1241188049316,17.0404586791992,2024-12-09 17:07:44.793000
66,2450,None,01609,16,51.1502571105957,17.0287704467773,2024-12-09 17:08:14.750000
67,2460,None,01008,10,51.1211166381836,16.9942741394043,2024-12-09 17:08:05.590000
68,2464,None,,,51.0782127380371,17.0069065093994,2024-12-08 12:58:44.570000
69,2468,None,623,78,51.1087493896484,17.0387516021729,2024-12-09 17:08:14.797000
70,2472,None,00308,3,51.1256294250488,16.9829139709473,2024-12-09 17:08:16.783000
71,2474,None,,,51.1246871948242,17.0402355194092,2024-12-08 12:58:25.617000
72,2476,None,00440,4,51.1001777648926,17.0452575683594,2024-12-09 17:08:16.530000
73,2478,None,01608,16,51.0785484313965,17.0650005340576,2024-12-09 17:08:08.967000
74,2480,None,,,51.1252937316895,17.0415363311768,2024-12-08 12:58:44.517000
75,2482,None,00305,3,51.0773048400879,17.0838871002197,2024-12-09 17:08:16.703000
76,2484,None,00418,10,51.1240615844727,16.9871273040771,2024-12-09 17:08:05.953000
77,2486,None,,,51.1252326965332,17.0417652130127,2024-12-09 17:07:41.577000
78,2488,None,,,51.1242485046387,17.0412673950195,2024-12-08 12:58:31.543000
79,2490,None,,,51.0786056518555,17.0067882537842,2024-10-01 09:35:25.577000
80,2498,None,,,51.125301361084,17.0415592193604,2024-12-08 12:58:37.533000
81,2504,None,None,None,51.1246528625488,17.0413360595703,2023-02-23 06:54:57.577000
82,2510,None,02207,22,51.09375,17.0427284240723,2024-12-09 17:08:08.687000
83,2522,None,02210,16,51.0780715942383,17.0638008117676,2024-12-09 17:08:14.837000
84,2530,None,,,51.1242599487305,17.0408725738525,2024-02-05 08:06:51.567000
85,2536,None,00709,17,51.0935478210449,17.0204772949219,2024-12-09 17:08:16.530000
86,2544,None,02203,16,51.1175918579102,17.040412902832,2024-12-09 17:08:05.947000
87,2550,None,,,51.1244888305664,17.040807723999,2024-12-06 18:00:08.573000
88,2556,None,,,51.125301361084,17.0405120849609,2024-12-08 12:58:25.527000
89,2558,None,,,51.1244354248047,17.0410041809082,2024-12-06 08:06:26.737000
90,2564,None,01206,12,51.1219215393066,16.9924182891846,2024-12-09 17:08:14.837000
91,2601,None,0,,51.0883979797363,17.0295448303223,2023-12-18 09:54:02.333000
92,2602,None,,,51.1254615783691,17.0411529541016,2024-12-08 12:58:50.520000
93,2604,None,01709,17,51.0669822692871,16.9952507019043,2024-12-09 17:08:03.753000
94,2606,,None,5,51.099748,17.001626,2024-12-09 17:08:07.167000
95,2608,None,01401,14,51.109733581543,17.0218677520752,2024-12-09 17:08:08.593000
96,2610,None,,,51.1254005432129,17.0408477783203,2024-12-08 12:58:37.513000
97,2612,None,00206,,51.1243591308594,17.041130065918,2024-12-09 17:08:14.833000
98,2701,None,01705,7,51.0685081481934,17.0034484863281,2024-12-09 17:08:16.823000
99,2702,None,00419,4,51.102222442627,17.1024055480957,2024-12-09 17:08:16.887000
100,2703,None,00629,,51.1253318786621,17.0413875579834,2024-12-09 17:07:25.777000
101,2704,None,00508,5,51.1004028320312,17.0339775085449,2024-12-09 17:08:11.813000
102,2705,None,00905,15,51.1469383239746,17.0303649902344,2024-12-09 17:08:05.843000
103,2706,None,01607,16,51.1171340942383,17.0332355499268,2024-12-09 17:08:05.780000
104,2707,None,00314,3,51.1328544616699,16.9572486877441,2024-12-09 17:08:14.893000
105,2708,None,00622,10,51.1374130249023,16.9396495819092,2024-12-09 17:08:14.560000
106,2709,None,00430,11,51.1117477416992,17.0394325256348,2024-12-09 17:08:16.540000
107,2710,None,01505,15,51.1043128967285,17.0224018096924,2024-12-09 17:08:16.943000
108,2711,None,,,51.1247291564941,17.0382862091064,2024-12-09 17:07:57.917000
109,2712,None,00602,6,51.0949668884277,17.0221061706543,2024-12-09 17:08:05.897000
110,2713,None,01007,10,51.1079025268555,17.0300254821777,2024-12-09 17:08:11.637000
111,2714,None,01609,16,51.0977325439453,17.0429210662842,2024-11-22 17:57:03.557000
112,2715,None,00626,78,51.1081809997559,17.0700302124023,2024-12-09 17:08:03.810000
113,2716,None,00310,5,51.0895080566406,16.9768142700195,2024-12-09 17:08:16.950000
114,2717,None,,,51.0791015625,17.0040607452393,2024-11-04 14:47:48.587000
115,2718,None,07835,11,51.1051254272461,17.0369491577148,2024-12-09 17:08:14.570000
116,2719,None,00426,4,51.1010551452637,17.0074424743652,2024-12-09 17:08:16.730000
117,2720,None,07834,4,51.0985336303711,16.9960289001465,2024-12-09 17:08:11.737000
118,2721,None,02005,20,51.1425170898438,16.9001312255859,2024-12-09 17:08:08.977000
119,2722,None,01701,22,51.0849876403809,17.0484066009521,2024-12-09 17:08:11.760000
120,2723,None,00601,,51.079174041748,17.0040435791016,2024-12-09 17:07:46.677000
121,2724,None,01604,22,51.115421295166,17.0017185211182,2024-12-09 17:08:08.927000
122,2725,None,,,51.0791282653809,17.0043640136719,2024-12-09 17:07:20.680000
123,2726,None,00710,17,51.1069450378418,17.0384731292725,2024-12-09 17:07:01.890000
124,2801,None,00207,10,51.1274337768555,16.978551864624,2024-12-08 12:59:02.610000
125,2802,None,00442,4,51.1038055419922,17.0911140441895,2024-12-09 17:08:16.577000
126,2803,None,00307,3,51.1112632751465,17.022928237915,2024-12-09 17:08:05.543000
127,2804,None,12,12,51.1134147644043,17.0669479370117,2024-12-08 12:59:02.617000
128,2805,None,,,51.0874137878418,17.0290660858154,2024-12-08 12:58:12.557000
129,2806,None,00202,3,51.084285736084,17.0732593536377,2024-12-09 17:08:03.740000
130,2807,None,01701,,51.1142883300781,17.1039237976074,2024-12-08 12:58:31.523000
131,2808,None,,,51.0881729125977,17.0289268493652,2024-12-07 18:36:18.520000
132,2809,None,00402,78,51.1197242736816,17.0567455291748,2024-12-08 12:58:56.517000
133,2810,None,00308,3,51.1431274414062,16.8957080841064,2024-12-08 12:59:02.590000
134,2811,None,,,51.0881042480469,17.0286903381348,2024-12-08 12:59:02.683000
135,2812,None,01206,12,51.0883483886719,17.0296459197998,2024-12-07 07:05:42.753000
136,2813,None,01603,,51.0885734558105,17.0295333862305,2024-12-08 12:59:02.540000
137,2814,None,00411,4,51.0903968811035,16.9767913818359,2024-12-08 12:58:56.530000
138,2815,None,01305,13,51.1154518127441,17.0745258331299,2024-12-09 17:08:14.793000
139,2816,None,00404,4,51.0974349975586,16.9915313720703,2024-12-08 12:58:31.617000
140,2817,None,01703,7,51.1040267944336,17.0305290222168,2024-12-09 17:08:16.830000
141,2818,None,00707,7,51.0837821960449,17.0103626251221,2024-12-09 17:08:16.900000
142,2819,None,00309,,51.0883674621582,17.0290508270264,2024-12-09 17:07:20.720000
143,2820,None,01703,17,51.0660057067871,16.9866275787354,2024-12-08 12:59:31.540000
144,2821,None,02312,23,51.1103401184082,16.9556999206543,2024-12-09 17:08:08.617000
145,2822,None,00210,2,51.1080284118652,17.0469150543213,2024-12-09 17:08:08.543000
146,2901,None,,,51.0787200927734,17.0054359436035,2023-09-26 19:08:35.397000
147,2902,None,L01,L,51.0993003845215,17.0396842956543,2024-12-09 17:08:14.907000
148,2903,None,None,None,51.0880928039551,17.0288047790527,2024-11-27 09:04:39.827000
149,2904,None,01602,16,51.1352462768555,17.0364265441895,2024-12-09 17:08:14.743000
150,2905,None,02001,20,51.0841445922852,16.9722785949707,2024-12-09 17:08:14.930000
151,2906,None,01009,4,51.1104202270508,17.0564117431641,2024-12-09 17:08:11.707000
152,2907,None,00438,6,51.1265258789062,17.0484256744385,2024-12-09 17:08:14.640000
153,2908,None,00909,9,51.0779266357422,17.0193271636963,2024-12-09 17:08:14.607000
154,2909,None,00420,4,51.102611541748,17.0251922607422,2024-12-09 17:08:14.567000
155,2910,None,,,51.0881080627441,17.0293502807617,2024-06-21 12:13:44.313000
156,2911,None,02202,22,51.1267395019531,16.9802055358887,2024-12-09 17:08:11.863000
157,2912,None,02206,22,51.1078491210938,17.0215396881104,2024-12-09 17:08:16.747000
158,2913,None,00908,9,51.0973052978516,17.03271484375,2024-12-09 17:08:16.787000
159,2914,None,00313,3,51.1072654724121,17.033203125,2024-12-09 17:08:11.737000
160,2915,None,01606,22,51.0785865783691,17.0640258789062,2024-12-09 17:08:08.680000
161,2916,None,01010,4,51.0841178894043,16.9720859527588,2024-12-09 17:08:11.680000
162,2917,None,01507,15,51.0721473693848,17.0129070281982,2024-12-09 17:08:11.787000
163,2918,None,,,51.0885810852051,17.0293312072754,2024-12-09 17:07:41.793000
164,2919,None,02211,16,51.1250610351562,17.0358085632324,2024-12-09 17:08:14.880000
165,2920,None,01605,22,51.1341590881348,16.9545459747314,2024-12-09 17:08:08.620000
166,2921,None,None,None,51.0880546569824,17.029468536377,2024-12-06 12:03:14.803000
167,2922,None,,,51.0884437561035,17.0293102264404,2024-11-29 11:46:19.703000
168,2923,None,01304,13,51.1073608398438,17.0421524047852,2024-12-09 17:08:08.723000
169,2924,None,02201,22,51.1364250183105,16.9486274719238,2024-12-09 17:08:03.817000
170,2925,None,01502,15,51.1218719482422,17.0307025909424,2024-12-09 17:08:16.897000
171,2926,None,,,51.0877914428711,17.0292453765869,2024-10-30 04:42:29.870000
172,2927,None,00202,,51.0880928039551,17.02952003479,2024-11-28 21:24:46.713000
173,2928,None,01510,15,51.1070442199707,17.0214538574219,2024-12-09 17:08:14.890000
174,2929,None,02204,16,51.116512298584,17.0611667633057,2024-12-09 17:08:16.767000
175,2930,None,00910,9,51.1157684326172,17.0786933898926,2024-12-09 17:08:14.747000
176,2931,None,02205,16,51.1197128295898,17.0567970275879,2024-12-09 16:59:26.580000
177,2932,None,07836,10,51.1138648986816,17.051097869873,2024-12-09 17:08:05.913000
178,2933,None,00706,17,51.1172142028809,17.0444755554199,2024-12-09 17:08:14.813000
179,2934,None,00415,11,51.1323280334473,17.0660037994385,2024-12-09 17:08:03.587000
180,2935,None,00101,3,51.0880584716797,17.0286617279053,2024-10-25 10:35:01.783000
181,2936,None,,,51.0884704589844,17.0296325683594,2024-12-09 17:08:03.603000
182,2937,None,,,51.0885162353516,17.0296401977539,2024-09-19 08:38:43.743000
183,2938,None,01310,13,51.1119346618652,17.0004768371582,2024-12-09 17:08:16.773000
184,2939,None,00904,9,51.1170921325684,17.0875911712646,2024-12-09 17:08:16.873000
185,2940,None,,,51.0881538391113,17.0294628143311,2023-10-29 01:43:46.370000
186,3001,None,,,51.0787048339844,17.0034923553467,2024-04-03 15:05:54.607000
187,3002,None,,,51.0787963867188,17.0056667327881,2024-12-06 19:02:08.627000
188,3003,None,02015,20,51.0904769897461,16.9926242828369,2024-12-09 17:08:05.830000
189,3004,None,00203,10,51.1014595031738,17.1098041534424,2024-12-09 17:08:08.903000
190,3005,None,02013,20,51.1380348205566,16.9348278045654,2024-12-09 17:08:08.817000
191,3006,None,00306,10,51.1044883728027,17.0850391387939,2024-12-09 17:08:11.750000
192,3007,None,02014,20,51.0905914306641,16.9769248962402,2024-12-09 17:08:16.703000
193,3008,None,01011,20,51.1446075439453,16.8717670440674,2024-12-09 17:08:08.763000
194,3009,None,,,51.0786056518555,17.0067958831787,2024-12-09 12:09:25.627000
195,3010,None,02003,20,51.1149940490723,17.0024471282959,2024-12-09 17:08:14.533000
196,3011,None,00510,5,51.0821189880371,17.076847076416,2024-12-09 17:08:14.590000
197,3012,None,01012,20,51.0936393737793,17.0204963684082,2023-12-28 09:24:21.240000
198,3013,None,02008,20,51.1064949035645,17.025218963623,2024-12-09 17:08:05.977000
199,3014,None,00501,3,51.0901985168457,17.0645446777344,2024-12-09 17:08:11.773000
200,3015,None,,,51.0793609619141,17.0039958953857,2024-12-09 17:08:11.733000
201,3016,None,,,7158.27880859375,7158.27880859375,2024-07-30 08:13:47.587000
202,3017,None,02002,20,51.1040077209473,17.0305728912354,2024-12-09 17:08:11.713000
203,3101,None,01801,21,51.1435317993164,16.9502716064453,2024-12-09 17:08:05.543000
204,3102,None,02118,18,51.099723815918,17.035436630249,2024-12-09 17:08:11.533000
205,3103,None,01813,21,51.1255264282227,16.9830951690674,2024-12-08 12:59:02.517000
206,3104,None,02102,21,51.1255149841309,16.9830379486084,2024-12-09 17:08:16.523000
207,3106,None,,,51.0780754089355,17.0062675476074,2024-12-08 12:58:44.570000
208,3107,None,,,51.0786514282227,17.0038909912109,2024-12-08 12:58:50.540000
209,3108,None,,21,51.0937843322754,17.0347652435303,2024-12-09 17:08:03.537000
210,3109,None,02116,,51.0773468017578,17.051570892334,2024-12-09 17:08:05.713000
211,3110,None,00212,10,51.1448707580566,16.8724956512451,2024-12-09 17:08:16.953000
212,3111,None,,,51.0791816711426,17.00461769104,2024-02-06 08:58:26.267000
213,3112,None,,,51.1090049743652,17.0172729492188,2024-12-08 12:58:44.527000
214,3113,None,,,53.4762344360352,18.6429138183594,2024-11-21 07:56:30.810000
215,3114,None,,,51.0788650512695,17.0064582824707,2024-12-08 12:58:50.520000
216,3115,None,01806,21,51.1256828308105,16.9825878143311,2024-12-08 12:57:46.567000
217,3116,None,,,51.0787315368652,17.00368309021,2024-12-08 12:58:25.560000
218,3117,None,02117,18,51.0840148925781,17.0489959716797,2024-12-09 17:08:11.527000
219,3118,None,02124,18,51.0772895812988,17.0394191741943,2024-12-09 17:08:14.633000
220,3119,None,,,51.0784645080566,17.0043773651123,2024-12-08 12:58:44.550000
221,3120,None,,,51.0782127380371,17.0055332183838,2024-12-08 12:58:37.523000
222,3121,None,02110,21,51.1345062255859,16.9703178405762,2024-12-09 17:08:16.807000
223,3122,None,02109,21,51.094066619873,17.0338401794434,2024-12-09 17:08:14.867000
224,3123,None,00207,2,51.101245880127,17.1092090606689,2024-12-09 17:08:04.030000
225,3124,None,,,51.0788116455078,17.0061588287354,2024-12-08 12:58:44.540000
226,3125,None,02105,18,51.124641418457,17.0107688903809,2024-12-09 17:08:16.530000
227,3126,None,,,51.0791664123535,17.0047302246094,2023-03-22 17:14:02.847000
228,3127,None,02122,,51.14306640625,16.9485816955566,2024-12-09 17:07:41.643000
229,3128,None,01809,21,51.1430397033691,16.9486217498779,2024-12-08 12:58:50.500000
230,3129,None,,,51.0789947509766,17.00612449646,2024-12-08 12:58:56.553000
231,3130,None,02123,18,51.1038398742676,17.037425994873,2024-12-09 17:08:08.757000
232,3131,None,01804,21,51.0772132873535,17.039436340332,2024-12-08 12:58:56.603000
233,3201,None,00502,5,51.1069679260254,17.0440979003906,2024-12-09 16:57:41.583000
234,3202,None,,,0.0,16.9301338195801,2024-12-05 12:30:24.577000
235,3203,None,00301,3,51.1441078186035,16.8720302581787,2024-12-08 12:58:31.517000
236,3204,None,00506,5,51.1006126403809,17.0533485412598,2024-12-09 17:08:11.640000
237,3205,None,00304,5,51.0773468017578,17.0839576721191,2024-12-08 12:59:31.547000
238,3207,None,,,51.0878448486328,17.0282211303711,2024-12-09 17:07:31.553000
239,3208,None,00302,3,51.1439666748047,16.8720474243164,2024-12-09 17:08:14.837000
240,3301,None,00441,4,51.1014595031738,17.1099224090576,2024-12-09 17:08:14.743000
241,3302,None,01002,2,51.0886878967285,17.0146808624268,2024-12-09 17:08:11.703000
242,3303,None,00624,78,51.1234703063965,17.0444984436035,2024-12-09 17:08:08.613000
243,3304,None,,,51.0792350769043,17.0039863586426,2024-12-09 17:07:44.697000
244,3305,None,,,51.0793304443359,17.0035953521729,2024-11-26 13:31:09.843000
245,3306,None,01711,7,51.1227531433105,17.0347175598145,2024-12-09 17:08:08.637000
246,3307,None,00414,11,51.1168060302734,17.0418071746826,2024-12-09 17:08:14.797000
247,3308,None,02305,23,51.1279525756836,17.103178024292,2024-12-09 17:08:16.890000
248,3309,None,01906,19,7158.27880859375,7158.27880859375,2024-12-09 17:08:11.793000
249,3310,None,01708,17,51.0928077697754,17.0196990966797,2024-12-09 17:08:08.613000
250,3311,None,,,51.0789451599121,17.0056343078613,2024-12-09 17:07:20.847000
251,3312,None,02304,23,51.1082801818848,17.0204391479492,2024-12-09 17:08:11.623000
252,3313,None,,,51.0785789489746,17.0034084320068,2024-08-23 12:19:04.843000
253,3314,None,,,51.0785942077637,17.0033874511719,2024-12-09 15:24:38.677000
254,3315,None,00603,6,51.125804901123,17.0465240478516,2024-12-09 17:08:14.830000
255,3316,None,01702,17,51.1085929870605,17.0387077331543,2024-12-09 17:08:11.677000
256,3317,None,00303,3,51.1447410583496,16.8827991485596,2024-12-09 17:08:14.817000
257,3318,None,02302,23,51.1012649536133,17.0298175811768,2024-12-09 17:08:11.583000
258,3319,None,00704,7,51.1479530334473,17.0300025939941,2024-12-09 17:08:08.947000
259,3320,None,00708,7,51.0657691955566,16.9872798919678,2024-12-09 17:08:08.617000
260,3321,None,02310,23,51.1285743713379,17.0554523468018,2024-10-02 14:43:50.780000
261,3322,None,02306,23,51.1284408569336,17.1017303466797,2024-12-09 17:08:08.903000
262,3323,None,01910,19,51.1052703857422,17.0793037414551,2024-12-09 17:08:11.763000
263,3324,None,01907,19,51.1177520751953,17.0315532684326,2024-12-09 17:08:14.703000
264,3325,None,01903,19,51.1391334533691,16.9653491973877,2024-12-09 17:08:16.810000
265,3326,None,02311,23,51.1305084228516,17.0602359771729,2024-12-09 17:08:11.823000
266,3327,None,L01,L,51.1029319763184,17.050724029541,2024-12-09 17:08:03.843000
267,3328,None,,,51.0786743164062,17.0046310424805,2024-02-26 07:34:49.377000
268,3329,None,01901,19,51.126148223877,17.0012378692627,2024-12-09 17:08:14.740000
269,3330,None,02301,23,51.1144256591797,16.9728927612305,2024-12-09 17:08:05.807000
270,3331,None,02307,23,51.1228103637695,17.0442848205566,2024-12-09 17:08:16.527000
271,3332,None,00713,17,51.0688247680664,17.0042457580566,2024-12-09 17:08:06.007000
272,3333,None,02313,23,51.1036491394043,17.0372772216797,2024-12-09 17:08:11.833000
273,3334,None,00712,17,51.1173210144043,17.0889148712158,2024-12-09 17:08:16.810000
274,3335,None,,,51.0789794921875,17.0049114227295,2024-10-30 16:41:24.787000
275,3336,None,01907,19,51.1262741088867,16.9968223571777,2024-12-03 07:40:15.857000
276,3337,None,02314,23,51.1111183166504,17.0392227172852,2024-12-09 17:08:11.747000
277,3338,None,01904,19,51.1166038513184,17.0526485443115,2024-12-09 17:08:08.893000
278,3339,None,01902,19,51.1428413391113,16.9622993469238,2024-12-09 17:08:16.807000
279,3340,None,,,51.0786781311035,17.0047359466553,2024-12-09 17:08:04.033000
280,3341,None,02309,23,51.1195449829102,16.9529705047607,2024-12-09 17:08:16.597000
281,3342,None,00711,17,51.1139984130859,17.1033248901367,2024-12-09 17:08:03.797000
282,3343,None,00207,,51.0788116455078,17.0039653778076,2024-12-09 17:07:44.740000
283,3344,None,02006,2,51.0751609802246,17.0072135925293,2024-12-09 17:08:14.660000
284,3345,None,01905,19,51.1055030822754,17.0795993804932,2024-12-09 17:08:11.530000
285,3346,None,01707,7,51.1043357849121,17.0308494567871,2024-12-09 17:08:05.997000
286,3401,None,01404,14,51.089558,17.000776,2024-12-09 17:08:15.673000
287,3402,None,None,14,51.104155,17.020551,2024-12-09 17:08:08.957000
288,3403,None,None,14,51.086113,17.011713,2024-12-09 17:08:16.307000
289,3404,None,None,12,51.111205,17.02695,2024-12-09 17:08:16.057000
290,3405,None,None,None,51.078071,17.00668,2024-12-09 17:08:06.147000
291,3406,None,None,None,51.079319,17.003648,2024-12-03 09:15:20.843000
292,3407,None,None,13,51.111277,17.023716,2024-12-09 17:08:18.547000
293,3408,None,None,13,51.111707,17.060517,2024-12-09 17:08:12.803000
294,3409,None,None,12,51.130008,16.982402,2024-12-09 17:08:12.647000
295,3410,None,None,20,51.137164,16.941441,2024-12-09 17:07:43.147000
296,3411,None,None,14,51.132693,17.028111,2024-12-09 17:08:04.543000
297,3412,None,01208,12,51.113907,17.096919,2024-12-09 17:08:14.227000
298,3413,None,None,5,51.099415,17.000364,2024-12-09 17:08:15.630000
299,3414,None,None,12,51.142761,16.962558,2024-12-09 17:08:10.207000
300,3415,None,None,14,51.073185,17.00637,2024-12-09 17:08:10.737000
301,3416,None,01406,14,51.116095,17.024834,2024-12-09 17:08:18.517000
302,3417,None,None,None,51.078342,17.005537,2024-12-09 17:08:09.447000
303,3418,None,None,None,51.078174,17.00627,2024-12-09 17:08:15.387000
304,3419,None,None,14,51.137455,16.994522,2024-12-09 17:08:11.873000
305,3420,None,None,12,51.111857,17.021071,2024-12-09 17:08:09.783000
306,3421,None,None,None,51.078197,17.005928,2024-12-09 17:08:18.287000
307,3422,None,None,13,51.114189,16.978803,2024-12-09 17:08:12.187000
308,3423,None,None,13,51.115839,17.090036,2024-12-09 17:08:06.010000
309,3424,None,None,None,53.147259,18.004841,2024-12-09 17:08:07.543000
310,4005,-,1,,51.1314468383789,16.9869270324707,2024-12-09 17:08:16.530000
311,4400,None,,,51.0763664245605,17.0706233978271,2024-06-20 18:56:00.287000
312,4401,None,12501,,51.076847076416,17.0704441070557,2024-12-08 12:58:25.607000
313,4402,None,13601,136,51.0916137695312,16.9863567352295,2024-12-08 12:57:53.493000
314,4403,None,13603,,51.076286315918,17.070764541626,2024-12-08 12:58:56.590000
315,4404,None,14901,,51.1210060119629,16.9461631774902,2024-11-19 08:21:52.593000
316,4405,None,13306,133,51.0751991271973,16.9962215423584,2024-12-09 17:08:14.707000
317,4406,None,,,51.0764389038086,17.0704193115234,2024-12-08 00:59:28.600000
318,4407,None,12503,,51.0760612487793,16.9530773162842,2024-12-08 12:57:33.530000
319,4408,None,,,51.0763206481934,17.0708084106445,2024-12-07 01:47:18.543000
320,4409,None,12002,120,51.0922470092773,17.0908508300781,2024-12-09 17:07:17.600000
321,4410,None,,,51.0762519836426,17.0710067749023,2024-12-09 17:07:28.917000
322,4411,None,12502,125,51.0778312683105,17.0647296905518,2024-12-08 12:59:02.567000
323,4412,None,13305,133,51.0875930786133,17.013111114502,2024-12-08 12:59:02.617000
324,4413,None,,,51.0764808654785,17.0707874298096,2024-12-08 12:58:37.513000
325,4414,None,31002,,51.0763740539551,17.0712299346924,2024-10-17 11:58:42.727000
326,4415,None,None,None,51.1088523864746,17.0415668487549,2024-12-09 17:07:25.867000
327,4416,None,13603,,51.1374816894531,16.96852684021,2024-12-08 12:58:56.617000
328,4417,None,,,51.0762329101562,17.0705986022949,2024-11-19 04:24:22.507000
329,4418,None,12501,,51.0942611694336,16.9792194366455,2024-12-08 12:58:56.590000
330,4427,None,13302,,51.0553245544434,16.9779644012451,2024-12-08 12:58:50.540000
331,4500,None,,100,51.0765914916992,17.0513343811035,2024-12-08 12:58:31.533000
332,4502,None,,,51.0764465332031,17.0712509155273,2024-12-09 17:07:38.697000
333,4504,None,14703,,51.0771560668945,17.0698623657227,2024-12-02 23:12:12.683000
334,4506,None,15004,,51.1425361633301,17.128547668457,2024-12-09 17:07:57.813000
335,4600,None,13310,133,51.0608596801758,16.9752883911133,2024-12-09 17:08:14.617000
336,4601,None,11305,112,51.0726013183594,17.0325698852539,2024-12-08 06:50:06.560000
337,4602,None,,,50.0248527526855,19.3104991912842,2024-12-04 23:07:26.537000
338,4603,None,11303,113,51.074634552002,17.007495880127,2024-12-09 17:08:05.803000
339,4604,None,13611,136,51.0775146484375,17.0625247955322,2024-12-09 17:08:16.877000
340,4605,None,1,,50.029914855957,19.2061100006104,2024-12-08 12:57:53.530000
341,4606,None,11308,112,51.0749778747559,17.0063076019287,2022-08-22 13:28:43.300000
342,4607,None,13602,,51.0772743225098,17.0708866119385,2024-12-08 12:59:31.587000
343,4608,None,1,,50.0311737060547,19.1936473846436,2024-12-09 16:22:15.560000
344,4609,None,,,54.4561195373535,18.4512920379639,2024-11-21 10:40:02.670000
345,4610,None,13304,,51.0589942932129,17.0865917205811,2024-12-08 12:57:09.633000
346,4611,None,11303,,51.3027534484863,17.6342926025391,2024-04-30 11:22:50.323000
347,4612,None,12515,125,51.0639038085938,17.0834140777588,2024-12-09 17:08:05.550000
348,4614,None,13608,136,51.0830993652344,17.0348777770996,2024-12-09 17:08:14.710000
349,4615,None,12503,,51.0831527709961,17.0502681732178,2024-11-19 08:19:14.627000
350,4616,None,11305,113,51.0839805603027,17.0352764129639,2024-12-09 17:08:16.540000
351,4617,None,,,51.077278137207,17.0710830688477,2024-12-08 12:59:31.570000
352,4618,None,13605,136,51.1299247741699,16.9657402038574,2024-12-08 12:57:40.510000
353,4619,None,13604,136,51.1216201782227,16.9681510925293,2024-12-09 17:08:08.813000
354,4620,None,11303,113,51.0743942260742,17.0067272186279,2024-12-08 12:59:02.600000
355,4621,None,11302,112,51.0493202209473,16.9999198913574,2024-12-08 12:57:53.530000
356,4622,None,,,51.0767631530762,17.0711708068848,2024-12-08 12:58:12.497000
357,4623,None,,,51.0764541625977,17.0708084106445,2024-04-15 15:39:17.330000
358,4624,None,,,52.7555046081543,17.27952003479,2024-12-09 17:08:00.653000
359,4625,None,,,50.0332527160645,19.1809959411621,2024-12-08 12:58:31.510000
360,4626,None,12508,,51.0931549072266,16.9815559387207,2024-12-09 17:08:05.887000
361,4627,None,,,50.0316123962402,19.1934852600098,2024-11-13 07:49:03.733000
362,4628,None,11306,113,51.0573120117188,17.0215759277344,2024-12-09 17:08:03.600000
363,4629,None,13312,,51.0434532165527,17.0612545013428,2024-12-03 14:10:28.603000
364,4630,None,11309,,51.0769004821777,17.0710849761963,2024-12-08 12:58:50.553000
365,4631,None,,,50.0315551757812,19.1935424804688,2024-12-04 11:03:05.680000
366,4632,None,12505,125,51.0778007507324,16.9639263153076,2024-12-09 17:08:08.920000
367,4633,None,11301,113,51.0825614929199,17.0344581604004,2024-12-08 12:58:44.503000
368,4634,None,11301,,51.0769386291504,17.0711517333984,2024-12-08 12:58:31.590000
369,4635,None,14804,148,51.126220703125,16.9083442687988,2024-12-08 12:58:56.603000
370,4636,None,13302,133,51.0518760681152,16.9742164611816,2024-12-09 17:08:08.893000
371,4637,None,,,54.4560966491699,18.4511756896973,2024-11-18 10:06:46.677000
372,4638,None,13607,136,51.1296119689941,16.9658336639404,2024-12-09 17:08:05.603000
373,4639,None,11311,113,51.0673637390137,17.0036697387695,2024-12-09 17:08:16.917000
374,4640,None,11308,112,51.0574607849121,17.02294921875,2024-12-09 17:08:16.830000
375,4641,None,,,53.6690406799316,18.6392154693604,2024-10-28 13:47:08.517000
376,4642,None,13312,133,51.0870323181152,17.0127620697021,2024-12-09 17:08:05.517000
377,4801,-,None,None,51.0670547485352,17.0986194610596,2023-07-09 21:29:01.523000
378,4807,-,None,None,51.1492080688477,17.0239391326904,2022-09-26 09:21:55.910000
379,4808,-,,,51.0668106079102,17.0991249084473,2023-02-17 13:21:15.367000
380,4810,-,,,51.0665893554688,17.0993785858154,2022-10-13 09:22:55.650000
381,4811,-,,,51.0667343139648,17.0992298126221,2022-10-13 09:32:45.753000
382,5,-,None,None,51.1241416931152,17.0412769317627,2022-12-09 11:34:20.407000
383,5401,None,12916,129,51.1200218200684,16.9702491760254,2024-12-09 17:08:05.647000
384,5402,None,14210,142,51.1155776977539,16.9583969116211,2024-12-09 17:08:08.783000
385,5403,None,10107,101,51.1600494384766,16.8937702178955,2024-12-09 17:08:11.853000
386,5404,None,14301,143,51.080867767334,17.0622310638428,2024-12-09 17:08:14.617000
387,5405,None,10204,102,51.1585388183594,16.9156627655029,2024-12-08 12:59:31.607000
388,5406,None,11104,,51.1598320007324,17.13330078125,2024-12-08 12:58:56.567000
389,5407,None,12905,129,51.121395111084,16.9435634613037,2024-12-08 12:57:53.540000
390,5408,None,10201,102,51.1491546630859,16.9452304840088,2024-12-08 12:59:02.540000
391,5409,None,12610,126,51.1147613525391,16.9582767486572,2024-12-09 17:08:14.853000
392,5410,None,10206,,51.1477928161621,17.0233116149902,2024-12-08 12:58:50.537000
393,5411,None,31908,319,51.0635871887207,16.9817314147949,2024-12-09 17:08:11.627000
394,5412,None,15107,151,51.1673545837402,17.1060352325439,2024-12-09 17:08:16.507000
395,5413,None,15102,,51.1122589111328,17.0574970245361,2024-12-08 12:58:37.497000
396,5414,None,14904,149,51.1137351989746,16.9644966125488,2024-12-08 12:58:56.527000
397,5415,None,12103,,51.1457061767578,17.148551940918,2024-12-08 12:59:02.683000
398,5416,None,14406,144,51.0861625671387,17.012544631958,2024-12-08 12:58:25.517000
399,5417,None,14202,142,51.1204872131348,16.8630542755127,2024-12-08 12:58:56.543000
400,5418,None,12705,127,51.1415214538574,16.9637050628662,2024-12-08 12:59:02.580000
401,5419,None,13002,,51.1596565246582,17.1333026885986,2024-12-08 12:58:50.520000
402,5420,None,11601,116,51.1409683227539,17.0622024536133,2024-12-09 17:08:16.887000
403,5421,None,24922,,51.1494369506836,17.0219860076904,2024-12-08 12:58:31.517000
404,5422,None,15201,,51.1435317993164,16.9479427337646,2024-12-08 12:59:02.593000
405,5423,None,10701,107,51.067268371582,16.9919128417969,2024-12-08 12:59:02.533000
406,5424,None,13001,,51.166187286377,17.0469779968262,2024-12-08 12:58:18.530000
407,5425,None,12703,127,51.0889930725098,17.0067253112793,2024-12-09 17:08:16.767000
408,5426,None,15103,151,51.1484298706055,17.1144771575928,2024-12-08 12:58:25.587000
409,5427,None,14401,144,51.0867385864258,17.0111827850342,2024-12-08 12:58:44.567000
410,5428,None,10406,104,51.1375389099121,16.994421005249,2024-12-09 17:08:11.737000
411,5429,None,11108,111,51.1134986877441,17.0527324676514,2024-12-09 17:08:08.967000
412,5430,None,None,None,51.1966743469238,16.9751567840576,2024-12-09 17:07:33.847000
413,5431,None,14306,143,51.1035652160645,16.9719696044922,2024-12-08 12:59:02.543000
414,5432,None,12901,,51.1102142333984,16.8795948028564,2024-12-08 12:59:02.547000
415,5433,None,13003,130,51.1345710754395,17.0584411621094,2024-12-08 12:58:56.573000
416,5434,None,10402,104,51.1470527648926,16.9881649017334,2024-12-08 12:58:18.623000
417,5435,None,,,51.1490211486816,17.0213966369629,2024-12-04 12:49:23.513000
418,5436,None,11101,111,51.1172752380371,17.0442409515381,2024-12-09 17:08:08.930000
419,5437,None,11602,116,51.1318855285645,17.0653667449951,2024-12-09 17:08:11.593000
420,5438,None,12702,127,51.0644874572754,17.009521484375,2024-12-08 12:59:31.567000
421,5439,None,13001,130,51.1555862426758,17.0441474914551,2024-12-04 15:58:21.657000
422,5440,None,10702,107,51.1167793273926,16.9587287902832,2024-12-08 12:59:02.663000
423,5441,None,12711,127,51.1420669555664,16.9565162658691,2024-12-09 17:08:16.890000
424,5442,None,None,None,51.0971069335938,17.0373020172119,2024-11-20 01:26:48.643000
425,5443,None,31902,,51.1484336853027,17.0229892730713,2024-12-09 17:07:41.627000
426,5444,None,10402,104,51.1379661560059,16.9944000244141,2024-12-09 17:08:08.540000
427,5445,None,14902,149,51.1143569946289,16.9707584381104,2024-12-08 12:59:31.613000
428,5483,None,None,None,51.095060667,16.961589167,2022-09-20 23:35:26.007000
429,5493,None,None,930,51.1731185,17.048039667,2023-02-27 11:17:54.780000
430,5513,None,None,None,51.1340945,17.0617155,2023-02-27 12:51:17.587000
431,5523,None,None,None,51.141066833,17.026832333,2023-02-27 13:23:15.577000
432,5533,None,None,None,51.135910667,17.036710333,2023-02-27 11:29:06.287000
433,5543,None,None,None,51.134755333,17.036489833,2023-02-27 11:29:14.047000
434,5553,None,None,None,51.134032167,17.061767333,2023-02-27 12:49:41.637000
435,5601,None,A08,A,51.073860168457,17.0036659240723,2024-12-09 17:08:16.910000
436,5602,None,,,51.1468391418457,17.02463722229,2024-12-07 07:36:05.733000
437,5603,None,60713,,51.0237998962402,16.9067344665527,2024-12-09 17:08:16.707000
438,5604,None,14511,,51.1469345092773,17.0244903564453,2024-12-07 07:36:27.660000
439,5605,None,14510,145,51.0448799133301,17.060941696167,2024-12-09 17:08:08.643000
440,5606,None,10206,,51.1471061706543,17.0244064331055,2024-12-07 07:37:43.777000
441,5607,None,14505,145,51.0993919372559,17.0386600494385,2024-12-09 17:08:11.817000
442,5608,None,10206,102,51.1367454528809,16.966459274292,2024-12-09 17:08:08.833000
443,5609,None,10310,103,51.1523246765137,16.9408359527588,2024-12-09 17:08:08.703000
444,5610,None,10301,103,51.128791809082,16.9894142150879,2024-12-09 17:08:16.947000
445,5611,None,,,51.1474800109863,17.0234870910645,2024-12-07 07:39:23.987000
446,5612,None,,,51.1481781005859,17.0234127044678,2024-09-18 20:41:23.813000
447,6001,DW 7WU01,K12,K,51.0880470275879,17.0346965789795,2024-12-09 17:08:16.900000
448,6002,DW 7WU02,K11,K,51.1506080627441,17.0433197021484,2024-12-09 17:08:08.990000
449,6003,DW 7WU03,K14,K,51.0994682312012,17.0338973999023,2024-12-09 17:08:11.767000
450,6004,DW 7WU04,K13,K,51.1393928527832,17.0330963134766,2024-12-09 17:08:14.863000
451,6005,DW 7WU05,K07,K,51.0889930725098,17.0341243743896,2024-12-09 17:08:08.667000
452,6006,DW 7WU06,11012,110,51.0513153076172,17.0584735870361,2024-12-09 17:08:05.830000
453,6007,DW 7WU07,K09,K,51.1262283325195,17.0279140472412,2024-12-09 17:08:14.873000
454,6008,DW 7WU08,11014,110,51.0967636108398,17.0402660369873,2024-12-09 17:08:05.917000
455,6009,DW 7WU09,K06,K,51.1373062133789,17.0179386138916,2024-12-09 17:08:11.627000
456,6010,DW 7WU10,,,51.1472930908203,17.0230331420898,2024-12-09 13:24:41.703000
457,6011,DW 7WU11,K03,K,51.1120643615723,17.0273761749268,2024-12-09 17:08:08.953000
458,6012,DW 7WU12,K01,,51.1471138000488,17.023157119751,2024-12-09 10:09:34.603000
459,6013,DW 7WU13,K02,K,51.1080474853516,17.02978515625,2024-12-09 17:08:08.957000
460,7004,DW3987J,,,54.5531539916992,17.7985401153564,2022-10-03 15:53:05.910000
461,7011,DW3980J,None,None,51.1492919921875,17.0231399536133,2023-08-04 10:59:51.750000
462,7035,DW8037U,,,51.1475944519043,17.023286819458,2024-11-28 12:12:47.817000
463,7300,DW364GT,14312,,51.08837890625,17.0342674255371,2024-12-09 17:08:11.793000
464,7301,DW293GR,,,51.1484718322754,17.0230255126953,2024-12-09 17:08:11.677000
465,7302,DW270FU,12101,,51.1116218566895,17.0600681304932,2024-12-08 12:57:40.547000
466,7303,DW705FU,14204,142,51.1340484619141,17.0171546936035,2024-12-08 12:59:02.593000
467,7304,DW704FU,10502,,51.100456237793,17.0871067047119,2024-12-09 17:08:11.850000
468,7305,DW604FU,14302,,51.114070892334,17.1036071777344,2024-12-08 12:58:56.540000
469,7306,DW266FU,12709,127,51.1025352478027,17.0128784179688,2024-12-09 17:08:16.853000
470,7307,DW510GT,14319,143,51.0820541381836,17.0619373321533,2024-12-09 17:08:14.587000
471,7308,DW265FU,,,51.1493377685547,17.0234050750732,2024-12-08 12:58:31.590000
472,7309,DW703FU,11604,116,51.1400184631348,17.0698719024658,2024-12-09 17:08:11.520000
473,7310,DW264FU,12203,,51.1041259765625,17.0228023529053,2024-12-09 17:08:04.007000
589,8315,DW875GS,,,51.1469993591309,17.0238609313965,2024-12-08 12:58:56.573000
474,7311,DW046GT,10103,101,51.1446418762207,16.8712100982666,2024-12-09 17:08:08.667000
475,7312,DW291GR,12705,127,51.1450157165527,16.9490280151367,2024-12-09 17:08:08.547000
476,7313,DW508GT,12102,121,51.1456718444824,17.1167125701904,2024-12-08 12:58:18.537000
477,7314,DW391GT,10106,101,51.1402626037598,16.958854675293,2024-12-09 17:08:16.770000
478,7315,DW047GT,None,None,51.1485252380371,17.0210380554199,2024-12-08 12:52:54.603000
479,7316,DW049GT,11103,111,51.130298614502,17.0370407104492,2024-12-09 17:08:16.743000
480,7317,DW390GT,14215,142,51.1113624572754,17.0245094299316,2024-12-09 17:08:05.543000
481,7318,DW509GT,,,51.1491928100586,17.0232391357422,2024-12-08 12:59:02.677000
482,7319,DW289GR,1,,51.1492729187012,17.0230941772461,2024-12-03 17:26:52.667000
483,7320,DW389GT,,,51.1463737487793,17.022632598877,2024-12-09 17:07:28.517000
484,7321,DW575GS,31907,319,51.150333404541,17.0435409545898,2024-12-09 17:08:16.603000
485,7322,DW852GS,14308,143,51.0789337158203,16.9903125762939,2024-12-09 17:08:00.540000
486,7323,DW854GS,12615,126,51.1015243530273,17.0136108398438,2024-12-09 17:08:08.833000
487,7324,DW568GS,13411,,51.1491546630859,17.0228862762451,2024-12-08 12:58:18.573000
488,7325,DW571GS,14209,142,51.1281661987305,17.0276641845703,2024-12-09 17:08:14.620000
489,7326,DW573GS,13409,134,51.0852928161621,17.0718612670898,2024-12-08 12:59:31.510000
490,7327,DW570GS,10312,103,51.1452789306641,16.9491691589355,2024-12-09 17:08:16.577000
491,7328,DW572GS,14405,144,51.1071281433105,17.0215301513672,2024-12-08 10:40:33.580000
492,7329,DW574GS,12208,122,51.1063957214355,16.9503135681152,2024-12-08 12:59:31.530000
493,7330,DW851GS,10311,103,51.1216888427734,17.0124988555908,2024-12-09 17:08:14.570000
494,7331,DW853GS,31901,,51.1489791870117,17.022632598877,2024-12-09 17:08:00.763000
495,7332,DW860GS,,,51.1491203308105,17.0228672027588,2024-11-17 20:04:49.647000
496,7333,DW859GS,10504,,51.1320381164551,17.0657424926758,2024-12-08 12:58:50.493000
497,7334,DW858GS,15109,151,51.1519584655762,17.1162700653076,2024-12-09 17:08:14.913000
498,7335,DW857GS,14315,143,51.0788536071777,17.0342273712158,2024-12-09 17:08:16.607000
499,7336,DW855GS,14216,142,51.148193359375,17.0206432342529,2024-12-09 17:08:11.583000
500,7337,DW856GS,31906,319,51.1126136779785,16.9615898132324,2024-12-09 17:08:14.663000
501,7338,DW861GS,13414,,51.1194610595703,16.9518241882324,2024-12-08 12:58:50.537000
502,7339,DW506KF,11805,118,51.1318473815918,17.0646896362305,2024-12-09 17:08:11.793000
503,7340,DW508KF,A02,A,51.1200294494629,17.0515575408936,2024-12-09 17:08:11.583000
504,7341,DW509KF,31909,319,51.1027526855469,16.9452438354492,2024-12-09 17:08:16.677000
505,7342,DW507KF,10201,102,51.1403198242188,16.9139156341553,2024-12-09 17:08:03.657000
506,7343,DW504KF,14407,144,51.1531715393066,17.0435657501221,2024-12-09 17:08:03.867000
507,7344,DW503KF,,,51.1486129760742,17.0232391357422,2024-12-08 12:58:25.603000
508,7345,DW512KF,13202,,51.084041595459,16.9719219207764,2024-12-08 12:58:44.557000
509,7346,DW513KF,12710,127,51.123592376709,17.0109462738037,2024-12-09 17:08:08.560000
510,7347,DW514KF,14309,143,51.1258201599121,16.9784259796143,2024-12-09 17:08:16.680000
511,7348,DW516KF,12203,,51.097038269043,17.0374031066895,2024-12-08 12:58:18.610000
512,7349,DW517KF,13107,131,51.1414184570312,17.0895690917969,2024-12-09 17:08:08.717000
513,7350,DW518KF,31512,,51.1125221252441,17.0575981140137,2024-12-09 17:07:46.757000
514,7351,DW519KF,12701,,51.1445007324219,16.9484405517578,2024-12-09 17:08:08.613000
515,7352,DW704KF,12707,,51.0593719482422,17.0109386444092,2024-12-09 17:07:49.633000
516,7353,DW705KF,13412,124,51.0995140075684,17.0013217926025,2024-12-08 12:58:31.620000
517,7354,DW706KF,12206,,51.114574432373,17.0174674987793,2024-12-09 17:08:08.733000
518,7355,DW708KF,10309,103,51.1747016906738,16.9067230224609,2024-12-08 12:58:37.557000
519,7356,DW709KF,A10,A,6844.01513671875,5102.69921875,2024-12-09 17:08:08.927000
520,7357,DW710KF,14902,,51.1486587524414,17.0222434997559,2024-12-08 08:15:26.583000
521,7400,None,10001,,51.1481552124023,17.0230255126953,2022-09-25 04:40:37.697000
522,7401,None,11804,118,51.164119720459,16.971622467041,2024-12-09 17:08:05.957000
523,7402,None,12611,126,51.0820121765137,17.0016632080078,2024-12-09 17:08:08.833000
524,7403,None,14316,143,51.0951881408691,16.9790191650391,2024-12-09 17:08:14.637000
525,7404,None,12614,126,51.137092590332,16.9659042358398,2024-12-09 17:08:11.527000
526,7405,None,12609,126,51.1360969543457,16.9790592193604,2024-12-09 17:08:05.873000
527,7406,None,14305,143,51.1759605407715,16.998083114624,2024-12-09 17:08:16.680000
528,7407,None,12712,127,51.1056175231934,17.0149059295654,2024-12-09 17:08:05.827000
529,7408,None,12608,126,51.0956916809082,16.9776496887207,2024-12-09 17:08:11.527000
530,7409,None,12606,126,51.0909461975098,17.0155410766602,2024-12-09 17:08:14.610000
531,7410,None,12514,125,51.0882148742676,16.9758758544922,2024-12-09 17:08:11.717000
532,7411,None,14507,145,51.1140594482422,17.1036891937256,2024-12-09 17:08:16.920000
533,7412,None,10401,,51.1486053466797,17.0219058990479,2024-12-05 07:57:13.677000
534,7413,None,,,51.1484565734863,17.0219459533691,2024-12-09 13:46:59.767000
535,7414,None,12914,129,51.1386070251465,17.0338973999023,2024-12-09 17:08:16.810000
536,7415,None,12633,,51.0676116943359,17.0142841339111,2024-12-09 14:09:16.723000
537,7416,None,12602,126,51.0962257385254,16.976490020752,2024-12-09 17:08:16.930000
538,7417,None,13005,130,51.1360855102539,17.038516998291,2024-12-09 17:08:03.863000
539,7418,None,12604,126,51.0794448852539,16.9989967346191,2024-12-09 17:08:11.837000
540,7419,None,11806,118,51.1184387207031,17.123477935791,2024-12-09 17:08:05.997000
541,7420,None,31911,319,51.0965690612793,16.9560470581055,2024-12-09 17:08:16.857000
542,7421,None,11102,111,51.1519470214844,17.0168323516846,2024-12-09 17:08:14.847000
543,7422,None,12906,129,51.1331367492676,17.0279960632324,2024-12-09 17:08:14.927000
544,7423,None,12704,127,51.1189155578613,17.0082416534424,2024-12-09 17:08:11.790000
545,7424,None,10401,104,51.1440124511719,16.9503746032715,2024-12-09 17:08:14.787000
546,7425,None,11802,118,51.1358413696289,17.0360870361328,2024-12-09 17:08:14.727000
547,7426,None,11104,111,51.1783409118652,16.9994602203369,2024-12-09 17:01:33.877000
548,7427,None,10101,101,51.1256217956543,16.9832820892334,2024-12-09 17:08:16.857000
549,7428,None,12201,122,51.1240196228027,16.9867992401123,2024-12-09 17:08:08.760000
550,7429,None,15101,151,51.1301040649414,17.0784149169922,2024-12-09 17:08:00.807000
551,7430,None,11112,111,51.1271667480469,17.048131942749,2024-12-09 17:08:05.833000
552,7431,None,13002,130,51.1419868469238,17.0938243865967,2024-12-09 17:08:14.867000
553,7432,None,12912,129,51.1262550354004,16.9848175048828,2024-12-09 17:08:16.900000
554,7433,None,,,51.1491813659668,17.0229167938232,2024-12-09 16:55:42.870000
555,7434,None,13004,151,51.1673545837402,17.1059093475342,2024-12-09 17:08:16.930000
556,7435,None,12202,122,51.126838684082,16.9543342590332,2024-12-09 17:08:16.603000
557,7436,None,11608,116,51.1152458190918,17.0737800598145,2024-12-09 17:08:14.547000
558,7437,None,14320,143,51.0822257995605,17.0345058441162,2024-12-09 17:08:08.540000
559,7438,None,10505,105,51.1395606994629,17.0280437469482,2024-12-09 17:08:08.900000
560,7439,None,12905,129,51.1216850280762,16.9678592681885,2024-12-09 17:08:14.503000
561,7440,None,11110,,51.1798629760742,17.0065002441406,2024-12-09 17:07:55.870000
562,7441,None,31511,315,51.113842010498,17.1040649414062,2024-12-09 17:08:11.767000
563,7442,None,,,51.1481590270996,17.0236339569092,2024-12-09 17:07:41.867000
564,7443,None,12409,134,51.0993957519531,17.0002727508545,2024-12-09 17:08:11.717000
565,7444,None,14213,,51.1218605041504,16.8795700073242,2024-12-09 17:07:55.633000
566,7445,None,,,51.1490936279297,17.024097442627,2024-12-09 13:33:54.850000
567,7446,None,10204,102,51.155574798584,16.9365825653076,2024-12-09 17:08:14.760000
568,7447,None,12909,129,51.1272506713867,16.8805503845215,2024-12-09 17:08:03.993000
569,7448,None,14204,142,51.1205062866211,16.8631191253662,2024-12-09 17:08:05.873000
570,7449,None,11109,111,51.1301879882812,17.0784206390381,2024-12-09 17:08:03.777000
571,7450,None,,,51.1492614746094,17.0237941741943,2024-10-18 20:19:34.580000
572,7451,None,12706,127,51.0784187316895,17.0199432373047,2024-12-09 17:08:08.867000
573,8144,DW6388X,,,51.1484718322754,17.0218715667725,2024-09-10 19:08:26.037000
574,8300,DW945FU,,,51.1484756469727,17.0233058929443,2024-11-05 15:33:53.607000
575,8301,DW943FU,None,None,51.1484451293945,17.0224609375,2024-09-27 18:40:50.560000
576,8302,DW036GT,,,51.1494522094727,17.0227851867676,2023-10-02 18:38:53.413000
577,8303,DW037GT,,,51.1491851806641,17.0237979888916,2024-07-24 02:36:55.680000
578,8304,DW038GT,D07,D,51.1469879150391,17.114070892334,2024-12-09 17:08:16.933000
579,8305,DW925FU,0,,51.1484260559082,17.0237808227539,2024-12-09 17:07:33.590000
580,8306,DW924FU,None,None,51.1490936279297,17.0239658355713,2024-12-04 07:04:48.600000
581,8307,DW946FU,14610,146,51.0833320617676,17.039234161377,2024-12-09 17:08:11.507000
582,8308,DW271FU,11603,116,51.1263160705566,17.0780715942383,2024-12-09 17:08:14.823000
583,8309,DW267FU,,,51.1470146179199,17.0226573944092,2024-12-08 12:58:31.587000
584,8310,DW706FU,,,51.1481590270996,17.0236625671387,2024-11-09 07:16:41.667000
585,8311,DW290GR,,,51.1485748291016,17.0233058929443,2024-12-09 17:07:46.723000
586,8312,DW862GS,,,51.1491622924805,17.0238075256348,2024-09-12 12:24:25.627000
587,8313,DW868GS,,,51.149040222168,17.022144317627,2024-07-02 08:35:51.597000
588,8314,DW870GS,,,51.1496276855469,17.0230522155762,2024-12-09 17:08:08.800000
590,8316,DW872GS,13218,,51.117317199707,17.0319175720215,2024-12-09 17:08:08.923000
591,8317,DW713GS,60207,602,51.1277008056641,17.0276908874512,2024-12-09 17:08:08.660000
592,8318,DW569GS,14404,144,51.0841522216797,17.0179824829102,2024-12-09 17:08:11.717000
593,8319,DW867GS,11503,115,51.1025657653809,17.1559543609619,2024-12-09 17:08:11.580000
594,8320,DW874GS,,,51.1485748291016,17.0214996337891,2024-12-07 22:13:09.583000
595,8321,DW873GS,,,51.1487617492676,17.02170753479,2024-12-08 12:58:18.610000
596,8322,DW871GS,11502,,51.1156349182129,17.1111965179443,2024-12-09 17:07:57.540000
597,8323,DW869GS,,,51.1467170715332,17.023551940918,2024-12-08 12:58:37.560000
598,8324,DW864GS,,,51.1492080688477,17.0224151611328,2024-12-08 12:58:12.560000
599,8325,DW865GS,10304,103,51.1633224487305,16.8967113494873,2024-12-09 17:08:14.630000
600,8326,DW863GS,,,51.1488800048828,17.0243396759033,2024-12-08 12:58:31.590000
601,8327,DW866GS,10207,102,51.1178283691406,16.9993324279785,2024-12-09 17:08:16.790000
602,8328,DW908KF,13212,132,51.090274810791,16.9512214660645,2024-12-09 17:08:11.810000
603,8329,DW911KF,,,51.1492004394531,17.0239887237549,2024-11-20 11:41:15.757000
604,8330,DW913KF,N15,N,51.1222915649414,17.0523777008057,2024-12-09 17:04:58.547000
605,8331,DW915KF,11504,115,51.0964431762695,17.1660842895508,2024-12-09 17:08:05.583000
606,8332,DW917KF,13404,,51.1056938171387,16.9704990386963,2024-12-09 17:07:55.597000
607,8333,DW918KF,,,51.1490631103516,17.0240268707275,2024-12-08 12:58:31.603000
608,8334,DW920KF,None,None,51.1489715576172,17.0239906311035,2024-10-15 00:07:42.520000
609,8335,DW916KF,N04,N,51.1469535827637,17.1140003204346,2024-12-09 17:08:08.673000
610,8336,DW919KF,A05,A,51.1397323608398,17.0613918304443,2024-12-09 12:05:33.787000
611,8337,DW921KF,10203,102,51.1517524719238,16.9099979400635,2024-12-09 17:08:08.667000
612,8338,DW910KF,14501,145,5937.10595703125,6101.24951171875,2024-12-09 17:08:11.873000
613,8339,DW912KF,,,51.148754119873,17.0216808319092,2024-11-28 19:35:06.700000
614,8340,DW914KF,,,51.1491012573242,17.022216796875,2024-12-08 12:58:18.530000
615,8341,DW104KE,11505,115,51.099193572998,17.1608715057373,2024-12-09 17:08:05.603000
616,8342,-,None,None,51.1475868225098,17.0229091644287,2024-12-09 15:17:24.720000
617,8401,None,12802,128,51.1170845031738,17.043872833252,2024-12-09 17:08:05.920000
618,8402,None,13101,131,51.1126136779785,17.0566005706787,2024-12-09 17:08:16.927000
619,8403,None,A09,A,51.0765991210938,16.9779090881348,2024-12-09 17:08:14.723000
620,8404,None,,,51.1467361450195,17.0225124359131,2024-12-09 13:53:28.720000
621,8405,None,14409,144,51.1173210144043,17.0347099304199,2024-12-09 15:40:16.660000
622,8406,None,12807,,51.1626052856445,17.1251754760742,2024-12-09 17:07:33.660000
623,8407,None,N03,N,51.1068801879883,17.038537979126,2024-12-09 17:08:14.653000
624,8408,None,13234,132,51.1107025146484,17.024320602417,2024-12-09 17:08:14.823000
625,8409,None,D15,D,51.1601142883301,17.1338558197021,2024-12-09 17:08:05.700000
626,8410,None,10303,103,51.112117767334,17.0196666717529,2024-12-09 17:08:05.707000
627,8411,None,13215,119,51.096752166748,16.9473705291748,2024-12-09 17:08:11.853000
628,8412,None,12410,124,51.097526550293,16.9916095733643,2024-12-09 17:08:08.870000
629,8413,None,10601,106,51.1064186096191,17.0256690979004,2024-12-09 17:08:08.907000
630,8414,None,10604,106,51.1087951660156,16.9435520172119,2024-12-09 17:08:08.870000
631,8415,None,10313,103,51.1125679016113,17.018928527832,2024-12-09 17:08:14.857000
632,8416,None,12811,128,51.1258277893066,16.9520645141602,2024-12-09 17:08:06
633,8417,None,None,None,51.1488418579102,17.0209007263184,2024-12-09 17:08:05.630000
634,8418,None,10607,,51.1094589233398,16.882640838623,2024-12-09 17:07:31.903000
635,8419,None,12414,124,51.0836715698242,17.0588531494141,2024-12-09 15:32:17.520000
636,8420,None,A11,A,51.1017265319824,17.0296993255615,2024-12-09 17:07:49.883000
637,8421,None,10606,106,51.1090316772461,16.9427547454834,2024-12-08 12:56:56.580000
638,8422,None,13202,119,51.1418190002441,17.0640277862549,2024-12-09 17:08:03.900000
639,8423,None,,,51.1485557556152,17.0232677459717,2024-12-08 12:01:18.713000
640,8424,None,,,7158.27880859375,7158.27880859375,2024-12-09 17:07:44.893000
641,8425,None,N16,N,51.1373519897461,17.0723609924316,2024-12-09 17:07:55.677000
642,8426,None,14506,145,51.0916786193848,17.0337200164795,2024-12-09 17:08:16.923000
643,8427,None,10332,103,51.1636009216309,16.8964519500732,2024-12-09 17:08:11.550000
644,8428,None,11904,119,51.1477851867676,17.0218067169189,2024-12-09 17:08:14.517000
645,8429,None,N14,N,51.1074371337891,17.0408401489258,2024-12-09 17:08:08.667000
646,8430,None,13234,607,51.0943183898926,16.9790458679199,2024-11-25 15:19:21.720000
647,8431,None,13203,132,51.1364250183105,17.0411682128906,2024-12-09 17:05:55.567000
648,8432,None,11908,,51.1552238464355,17.0646171569824,2024-12-09 17:07:20.937000
649,8433,None,11903,119,51.1300048828125,16.9840850830078,2024-12-09 17:08:11.867000
650,8434,None,11901,119,51.1296234130859,16.9851379394531,2024-12-09 17:08:08.963000
651,8435,None,11507,115,51.1136283874512,17.1315155029297,2024-12-09 17:08:05.970000
652,8436,None,1,,51.1486473083496,17.0231323242188,2024-12-09 11:46:54.677000
653,8437,None,D10,D,51.1128196716309,17.0648555755615,2024-12-09 17:08:05.890000
654,8438,None,11905,119,51.0966796875,16.9480724334717,2024-12-09 17:08:05.713000
655,8439,None,13406,124,51.0831451416016,17.0501842498779,2024-12-09 17:08:11.630000
656,8440,None,13213,132,51.0812225341797,16.9563522338867,2024-12-09 17:08:14.877000
657,8441,None,,,51.1487922668457,17.021764755249,2024-12-09 13:53:05.820000
658,8442,None,D05,D,51.0866851806641,17.0123691558838,2024-12-09 17:08:14.607000
659,8443,None,11113,111,51.1147117614746,17.0508346557617,2024-12-09 17:08:14.790000
660,8444,None,14403,144,51.0856513977051,17.0161113739014,2024-12-09 17:08:03.710000
661,8445,None,14511,145,51.1091194152832,17.0668487548828,2024-12-09 17:08:14.703000
662,8446,None,,,51.1462516784668,17.0240726470947,2024-12-06 22:21:02.817000
663,8447,None,,,51.1463737487793,17.0240325927734,2024-12-07 05:08:05.563000
664,8448,None,11506,115,51.1118011474609,17.0838241577148,2024-12-09 17:08:05.777000
665,8449,None,12101,121,51.1148643493652,17.0732040405273,2024-12-09 17:08:14.903000
666,8450,None,10209,,51.1130561828613,17.0209369659424,2024-12-09 17:07:41.897000
667,8451,None,14406,144,51.1661682128906,17.0471000671387,2024-12-09 13:55:59.773000
668,8452,None,10608,106,51.1110000610352,16.8984203338623,2024-12-09 17:08:14.677000
669,8453,None,11015,110,51.0849914550781,17.0481338500977,2024-12-09 17:08:16.870000
670,8454,None,14410,144,51.1178321838379,17.0311870574951,2024-12-09 17:08:14.663000
671,8455,None,14607,146,51.1026306152344,17.1159858703613,2024-12-09 17:08:05.637000
672,8456,None,13208,132,51.0843505859375,16.9718723297119,2024-12-09 17:08:16.943000
673,8457,None,,,51.1467132568359,17.0237140655518,2024-12-09 16:37:58.863000
674,8458,None,D14,D,51.0914268493652,17.0180759429932,2024-12-09 17:08:05.743000
675,8459,None,12804,128,51.1296577453613,16.9860134124756,2024-12-09 17:08:05.770000
676,8460,None,14605,146,51.0819549560547,17.0495090484619,2024-12-09 17:08:14.620000
677,8461,None,,,51.1468276977539,17.023609161377,2024-11-04 19:32:19.537000
678,8462,None,12102,121,51.1423683166504,17.1296195983887,2024-12-09 17:08:11.707000
679,8463,None,,,51.1484870910645,17.0239658355713,2024-12-09 17:08:11.533000
680,8464,None,N31,N,51.1158638000488,17.0510101318359,2024-12-09 17:08:16.757000
681,8465,None,,,51.1684532165527,17.0225086212158,2024-12-09 13:41:17.537000
682,8466,None,10602,106,51.1099319458008,17.0125961303711,2024-12-09 17:08:08.760000
683,8467,None,11017,110,51.074161529541,17.0528793334961,2024-12-09 17:08:16.857000
684,8468,None,10210,102,51.1122512817383,17.0203342437744,2024-12-09 17:08:16.893000
685,8469,None,11001,110,51.0891075134277,17.0452442169189,2024-12-09 17:08:11.560000
686,8470,None,12809,128,51.1551399230957,17.1193580627441,2024-11-14 12:05:29.847000
687,8471,None,12413,124,51.0699195861816,17.0978965759277,2024-12-09 17:08:14.750000
688,8472,None,13415,134,51.0854873657227,17.0713634490967,2024-12-09 17:08:14.627000
689,8473,None,D06,D,51.1150283813477,17.0734272003174,2024-12-09 17:08:14.937000
690,8474,None,A07,,51.1261138916016,16.9791164398193,2024-12-09 17:08:16.830000
691,8475,None,D13,D,51.0691795349121,16.9966697692871,2024-11-28 16:55:57.853000
692,8476,None,13217,132,51.1117553710938,17.0272655487061,2024-12-09 17:08:16.687000
693,8477,None,13216,132,51.1128005981445,16.9623222351074,2024-12-09 17:08:16.760000
694,8478,None,12810,128,51.1386260986328,17.077766418457,2024-12-09 17:08:16.690000
695,8479,None,14602,146,51.1061592102051,17.0905132293701,2024-12-09 17:08:16.860000
696,8480,None,11006,110,51.0636329650879,17.0553340911865,2024-12-09 17:08:11.857000
697,8481,None,,,51.1487731933594,17.0241832733154,2024-12-04 18:30:25.690000
698,8482,None,,,51.14697265625,17.0239391326904,2024-11-23 05:07:57.737000
699,8483,None,60714,607,51.0612602233887,16.9755859375,2024-12-09 17:08:16.577000
700,8484,None,10605,,51.0998115539551,17.0393371582031,2024-12-09 17:08:14.533000
701,8485,None,11009,110,51.1077995300293,17.0418357849121,2024-12-09 17:08:03.663000
702,8486,None,14411,144,51.1280250549316,17.0364074707031,2024-12-09 17:08:14.897000
703,8487,None,,,51.1471328735352,17.0238914489746,2024-10-25 23:48:52.853000
704,8488,None,A01,A,51.0761909484863,16.9728775024414,2024-12-09 17:08:14.773000
705,8489,None,13214,132,51.132453918457,17.0654792785645,2024-12-09 17:08:14.557000
706,8490,None,12809,128,51.1426315307617,17.0965919494629,2024-12-09 17:08:03.720000
707,8511,None,10603,106,51.1072196960449,16.9496574401855,2024-12-09 17:08:16.707000
708,8512,None,11011,110,51.1003189086914,17.0359058380127,2024-12-09 17:08:05.887000
709,8513,None,14508,145,51.0488548278809,17.059497833252,2024-12-09 16:45:52.723000
710,8514,None,,,51.1461067199707,17.0234565734863,2024-11-16 01:11:04.750000
711,8515,None,14402,144,51.1562194824219,17.0442790985107,2024-12-09 17:08:16.593000
712,8516,None,10205,102,51.1277084350586,16.9802722930908,2024-12-09 17:08:11.553000
713,8517,None,14502,145,51.1131477355957,17.1074714660645,2024-12-09 17:08:08.910000
714,8518,None,13102,131,51.1424217224121,17.129077911377,2024-12-09 17:08:11.527000
715,8519,None,13408,134,51.0862197875977,17.0709629058838,2024-12-09 17:08:11.587000
716,8520,None,12805,128,51.1170310974121,17.0332336425781,2024-12-09 17:08:16.857000
717,8521,None,A03,A,51.1058540344238,17.0414333343506,2024-12-09 17:08:03.830000
718,8522,None,A06,A,51.0768852233887,16.9657382965088,2024-10-14 16:34:07.520000
719,8523,None,11008,110,51.0422782897949,17.0724239349365,2024-12-09 17:08:16.530000
720,8524,None,,,51.1466102600098,17.0229072570801,2024-11-30 19:59:50.500000
721,8525,None,13108,131,51.1261863708496,17.0783138275146,2024-12-09 15:43:31.800000
722,8526,None,13401,,51.0698928833008,17.0975341796875,2024-12-09 17:08:16.680000
723,8527,None,D03,D,51.1078948974609,17.039457321167,2024-12-09 17:08:16.600000
724,8528,None,N07,131,51.1396331787109,17.0832099914551,2024-09-21 17:38:40.797000
725,8529,None,A04,A,51.1416282653809,17.0630569458008,2024-12-09 17:08:16.917000
726,8530,None,10606,106,51.1105079650879,16.956090927124,2024-12-09 17:08:16.807000
727,8531,None,D04,D,51.0675621032715,16.9927825927734,2024-12-09 17:08:08.737000
728,8532,None,14504,145,51.0953712463379,17.0328674316406,2024-12-09 17:08:14.770000
729,8533,None,,,51.1468544006348,17.0227317810059,2024-10-11 18:42:59.743000
730,8534,None,14608,146,51.0913391113281,17.0337333679199,2024-12-09 17:08:14.543000
731,8535,None,10601,106,51.1474227905273,17.0220565795898,2024-09-09 00:16:16.687000
732,8536,None,D01,D,51.1084823608398,17.0499095916748,2024-12-09 17:08:05.977000
733,8537,None,,104,51.1470146179199,17.0226287841797,2024-07-22 20:21:45.647000
734,8538,None,11501,115,51.1132202148438,17.1330966949463,2024-12-09 17:08:03.817000
735,8539,None,10202,102,51.1577339172363,16.9211540222168,2024-12-09 17:08:16.717000
736,9547,None,None,None,51.078909333,17.004098,2023-04-05 10:29:10.550000
737,9549,None,None,None,51.074955167,17.0064605,2024-03-21 12:07:30.403000
738,9551,None,None,908,51.156131167,17.028557,2024-06-26 12:59:18.257000
739,9552,None,None,None,51.1338915,17.061930333,2023-05-08 09:34:59.437000
740,9553,None,None,None,51.134005,17.061791,2023-06-07 10:07:58.437000
741,9554,None,None,None,51.1459215,17.116607,2024-03-21 12:07:15.973000
742,9555,None,None,None,51.078195833,17.067150833,2024-03-21 09:15:02.070000
